x1_value,y1_value,x2_value,y2_value,x3_value,y3_value,x4_value,y4_value,x5_value,y5_value,x6_value,y6_value,x7_value,y7_value,x8_value,y8_value
0,0,0,0,0,0,0,0,0,0,0,0,0,0,0,0
1,0.5794287118299835,1,0.12406834170500669,1,0.3375507008048616,1,0.9621531143914006,1,0.341921587929111,1,0.16413930520724596,1,0.06241850392101067,1,0.7209988559238338
2,0.846091732604683,2,0.5047699146855336,2,0.5860254276018662,2,1.95003560787835,2,0.9355827731328384,2,0.7540297582136377,2,0.679859654323639,2,0.7345361716274588
3,1.2247543168193284,3,1.2460060242235027,3,0.7252110981903631,3,2.700221037114039,3,1.7165533324918423,3,0.8161646739691317,3,1.0920542664225918,3,1.1387112238981838
4,1.2516213310147632,4,2.1891597272779872,4,0.7634717132252136,4,3.6428871341507754,4,2.4133298369239142,4,1.3321190336467876,4,1.8126088577516843,4,1.3697746044359826
